{
  "name": "dino",
  "type": "C51",
  "dependenceList": [],
  "srcDirs": [],
  "virtualFolder": {
    "name": "<virtual_root>",
    "files": [],
    "folders": [
      {
        "name": "Source Group 1",
        "files": [
          {
            "path": "STARTUP.A51"
          },
          {
            "path": "main.c"
          },
          {
            "path": "oled.c"
          },
          {
            "path": "oled.h"
          },
          {
            "path": "softi2c.c"
          },
          {
            "path": "softi2c.h"
          },
          {
            "path": "game.h"
          },
          {
            "path": "game.c"
          },
          {
            "path": "font.h"
          }
        ],
        "folders": []
      }
    ]
  },
  "outDir": "build",
  "deviceName": null,
  "packDir": null,
  "miscInfo": {
    "uid": "7c78d9ae6a598347c6b2cce225923a08"
  },
  "targets": {
    "Target 1": {
      "excludeList": [],
      "toolchain": "Keil_C51",
      "compileConfig": {
        "options": "null"
      },
      "uploader": "Custom",
      "uploadConfig": {
        "bin": "",
        "commandLine": "",
        "eraseChipCommand": ""
      },
      "uploadConfigMap": {},
      "custom_dep": {
        "name": "default",
        "incList": [
          "d:/Keil_v5/C51/INC/STC"
        ],
        "libList": [],
        "defineList": []
      },
      "builderOptions": {
        "Keil_C51": {
          "version": 2,
          "beforeBuildTasks": [],
          "afterBuildTasks": [],
          "global": {
            "ram-mode": "SMALL",
            "rom-mode": "LARGE"
          },
          "c/cpp-compiler": {
            "optimization-type": "SPEED",
            "optimization-level": "level-8"
          },
          "asm-compiler": {},
          "linker": {
            "remove-unused": true,
            "output-format": "elf",
            "misc-controls": ""
          }
        }
      }
    }
  },
  "version": "3.5"
}